method,psnr,ssim
bicubic,29.55380220639785,0.848024091720581
nearest,28.42105636021033,0.830420406460762
glasner,30.258145626885298,0.8653802001476287
Kim,31.10990343850525,0.887862583398819
SelfExSR,31.190067561532683,0.8893164145946503
SRCNN,31.05934739250512,0.8859882575273513
