method,psnr,ssim
bicubic,30.07357190411235,0.8726970085075924
nearest,28.381406196315304,0.8496315479278564
glasner,31.233853426966785,0.8909385459763663
Kim,31.966101181520763,0.9062613504273551
SelfExSR,32.32999276754898,0.9086319761616843
SRCNN,31.80858995201594,0.9044969422476632
