method,psnr,ssim
bicubic,33.6474676499156,0.9323098421096802
nearest,30.875881877963174,0.903334641456604
glasner,35.34632905578892,0.9459365963935852
Kim,36.1812524258189,0.9539006471633911
SelfExSR,36.374930673834484,0.9556310057640076
SRCNN,36.142361508203535,0.9515218615531922
