method,psnr,ssim
bicubic,26.650316488983684,0.8456345623731614
nearest,25.29819372382894,0.8212874639034271
glasner,27.822410986621108,0.873549565076828
Kim,28.716277045591163,0.8971735113859176
SelfExSR,29.37382386316921,0.9060872340202332
SRCNN,28.59192138166379,0.8930709475278854
